record_id,mainshock_id,subgroup_type,subgroup,n_events,p,p_lo,p_hi,mainshock_mag,pop_sum_10km,pop_mean_10km,pop_max_10km,pop_sum_25km,pop_mean_25km,pop_max_25km,pop_sum_50km,pop_mean_50km,pop_max_50km,pop_sum_subgroup,pop_mean_subgroup,pop_max_subgroup,analysis_included
us7000e532|region|West_of_ms,us7000e532,region,West_of_ms,25,0.5575472286435172,0.2224659360597927,0.762636311181485,6.1,72443.04417282622,517.4503155201874,17940.517578125,425992.8376179076,544.7478741916976,17940.517578125,1276983.9703764252,382.5596076622005,17940.517578125,7712442.710335938,178.49984285731335,40008.8359375,True
us7000e532|region|East_of_ms,us7000e532,region,East_of_ms,26,0.7051857430532015,0.408485300183861,0.8896234208396095,6.1,72443.04417282622,517.4503155201874,17940.517578125,425992.8376179076,544.7478741916976,17940.517578125,1276983.9703764252,382.5596076622005,17940.517578125,31742587.5388824,283.4184906908312,57133.4140625,True
us7000e532|region|South_of_ms,us7000e532,region,South_of_ms,26,0.8335151189525962,0.6653631205150315,1.046686565653794,6.1,72443.04417282622,517.4503155201874,17940.517578125,425992.8376179076,544.7478741916976,17940.517578125,1276983.9703764252,382.5596076622005,17940.517578125,27819874.123544943,267.8877420441694,45307.40234375,True
us7000e532|region|North_of_ms,us7000e532,region,North_of_ms,25,0.2127540867517485,0.2,0.5142140091061033,6.1,72443.04417282622,517.4503155201874,17940.517578125,425992.8376179076,544.7478741916976,17940.517578125,1276983.9703764252,382.5596076622005,17940.517578125,11635156.125673387,226.55443514366857,57133.4140625,True
us7000i59t|region|East_of_ms,us7000i59t,region,East_of_ms,31,0.2506141033412984,0.2,0.5039254860734906,6.6,7932.310272700928,220.34195201947023,999.4671630859376,56812.53266811671,373.7666622902415,9097.85546875,444813.9362812862,584.5123998440029,22195.427734375,80084531.77458161,477.3357717797848,105077.6953125,True
us7000i59t|region|South_of_ms,us7000i59t,region,South_of_ms,41,0.2,0.2,0.4329025223244558,6.6,7932.310272700928,220.34195201947023,999.4671630859376,56812.53266811671,373.7666622902415,9097.85546875,444813.9362812862,584.5123998440029,22195.427734375,38338722.51185824,367.27135793250415,105077.6953125,True
usb000gcdd|depth|6.3-10km,usb000gcdd,depth,6.3-10km,43,1.1680780799434805,1.029331429068849,1.4267906510115491,6.6,40802.38997167957,887.008477645208,7953.6240234375,162926.0630670225,395.45160938597695,10610.546875,996480.1561924346,415.5463537082713,21310.2734375,101302789.83691648,480.1626243597209,105077.6953125,True
usb000gcdd|depth|>=10km,usb000gcdd,depth,>=10km,44,0.7502590255676652,0.5754333943531655,0.9310817506241154,6.6,40802.38997167957,887.008477645208,7953.6240234375,162926.0630670225,395.45160938597695,10610.546875,996480.1561924346,415.5463537082713,21310.2734375,101302789.83691648,480.1626243597209,105077.6953125,True
usb000gcdd|region|East_of_ms,usb000gcdd,region,East_of_ms,70,0.9965023326205058,0.9007718415797566,1.1147640899401556,6.6,40802.38997167957,887.008477645208,7953.6240234375,162926.0630670225,395.45160938597695,10610.546875,996480.1561924346,415.5463537082713,21310.2734375,95229521.00360271,486.3810625745828,105077.6953125,True
usb000gcdd|region|South_of_ms,usb000gcdd,region,South_of_ms,57,0.917795804361024,0.8268691174884875,1.041364345161954,6.6,40802.38997167957,887.008477645208,7953.6240234375,162926.0630670225,395.45160938597695,10610.546875,996480.1561924346,415.5463537082713,21310.2734375,55575618.87235384,440.8279372127915,105077.6953125,True
usb000gcdd|region|North_of_ms,usb000gcdd,region,North_of_ms,30,0.9495689735853348,0.7923432714080609,1.1369704750794365,6.6,40802.38997167957,887.008477645208,7953.6240234375,162926.0630670225,395.45160938597695,10610.546875,996480.1561924346,415.5463537082713,21310.2734375,45727170.96456265,538.5686468943248,44019.640625,True
usb000gcdd|ring|0-50km,usb000gcdd,ring,0-50km,51,1.2947665293199495,1.1583626407934742,1.537360531379043,6.6,40802.38997167957,887.008477645208,7953.6240234375,162926.0630670225,395.45160938597695,10610.546875,996480.1561924346,415.5463537082713,21310.2734375,996480.1561924348,415.54635370827134,21310.2734375,True
usb000gcdd|ring|50-400km,usb000gcdd,ring,50-400km,35,0.4262548360090735,0.2,0.7043085365227064,6.6,40802.38997167957,887.008477645208,7953.6240234375,162926.0630670225,395.45160938597695,10610.546875,996480.1561924346,415.5463537082713,21310.2734375,100306309.68072404,480.9055110353155,105077.6953125,True
usb000rzmg|region|East_of_ms,usb000rzmg,region,East_of_ms,33,0.6589571785162927,0.4716469112635947,0.8186665060380123,6.2,37039.43541195671,156.94676022015554,2987.128662109375,457832.7602708731,305.22184018058203,29229.716796875,1783311.6353522348,327.0931099325449,29229.716796875,89878628.74596786,402.2423011849406,105077.6953125,True
usb000rzmg|region|North_of_ms,usb000rzmg,region,North_of_ms,32,0.4638773435024074,0.2090280185605861,0.8170915873049418,6.2,37039.43541195671,156.94676022015554,2987.128662109375,457832.7602708731,305.22184018058203,29229.716796875,1783311.6353522348,327.0931099325449,29229.716796875,67338878.91011211,478.74530887273374,105077.6953125,True
usb000rzmg|ring|0-150km,usb000rzmg,ring,0-150km,29,0.9339722826742608,0.7808040904915811,1.1235291668199257,6.2,37039.43541195671,156.94676022015554,2987.128662109375,457832.7602708731,305.22184018058203,29229.716796875,1783311.6353522348,327.0931099325449,29229.716796875,11845243.940902386,306.87955493412744,105077.6953125,True
usb000rzmg|ring|150-400km,usb000rzmg,ring,150-400km,26,0.2,0.2,0.2849730344973569,6.2,37039.43541195671,156.94676022015554,2987.128662109375,457832.7602708731,305.22184018058203,29229.716796875,1783311.6353522348,327.0931099325449,29229.716796875,106111392.76308171,389.4853647154666,72389.3125,True
usp000g650|depth|3-10km,usp000g650,depth,3-10km,906,1.1679408614042288,1.109144441170539,1.2202740680134865,7.9,2322.444851875305,193.5370709896088,775.7954711914062,43365.84055785865,230.6693646694609,6172.4228515625,1262426.3806753985,566.8730941515034,18878.404296875,103708031.71959548,473.9486955748205,87696.4765625,True
usp000g650|depth|10-17.4km,usp000g650,depth,10-17.4km,25,0.8527325311698934,0.6688152231302443,1.1457056666734062,7.9,2322.444851875305,193.5370709896088,775.7954711914062,43365.84055785865,230.6693646694609,6172.4228515625,1262426.3806753985,566.8730941515034,18878.404296875,103708031.71959548,473.9486955748205,87696.4765625,True
usp000g650|depth|>=17.4km,usp000g650,depth,>=17.4km,75,0.981273850948332,0.8599019659088352,1.12960156990056,7.9,2322.444851875305,193.5370709896088,775.7954711914062,43365.84055785865,230.6693646694609,6172.4228515625,1262426.3806753985,566.8730941515034,18878.404296875,103708031.71959548,473.9486955748205,87696.4765625,True
usp000g650|region|West_of_ms,usp000g650,region,West_of_ms,51,0.9480848928447716,0.702863794547008,1.492395081381472,7.9,2322.444851875305,193.5370709896088,775.7954711914062,43365.84055785865,230.6693646694609,6172.4228515625,1262426.3806753985,566.8730941515034,18878.404296875,6266247.385872764,448.0691731049527,87696.4765625,True
usp000g650|region|East_of_ms,usp000g650,region,East_of_ms,955,1.15144610973351,1.096261954696358,1.2024060739765854,7.9,2322.444851875305,193.5370709896088,775.7954711914062,43365.84055785865,230.6693646694609,6172.4228515625,1262426.3806753985,566.8730941515034,18878.404296875,97441784.33372273,475.7156319995055,72389.3125,True
usp000g650|region|South_of_ms,usp000g650,region,South_of_ms,81,0.9491765093386524,0.8317696117499422,1.1396524084472324,7.9,2322.444851875305,193.5370709896088,775.7954711914062,43365.84055785865,230.6693646694609,6172.4228515625,1262426.3806753985,566.8730941515034,18878.404296875,81378489.41833831,548.6017704050096,87696.4765625,True
usp000g650|region|North_of_ms,usp000g650,region,North_of_ms,925,1.1511717919355842,1.1007399580975104,1.2125147713712965,7.9,2322.444851875305,193.5370709896088,775.7954711914062,43365.84055785865,230.6693646694609,6172.4228515625,1262426.3806753985,566.8730941515034,18878.404296875,22329542.30125717,316.82547001599306,44019.640625,True
usp000g650|ring|0-50km,usp000g650,ring,0-50km,233,1.1741282033984992,1.0673108235759634,1.3150130881163289,7.9,2322.444851875305,193.5370709896088,775.7954711914062,43365.84055785865,230.6693646694609,6172.4228515625,1262426.3806753985,566.8730941515034,18878.404296875,1265333.485841476,565.133312122142,18878.404296875,True
usp000g650|ring|50-150km,usp000g650,ring,50-150km,365,1.2196866073448658,1.1366942960396231,1.3262341577113002,7.9,2322.444851875305,193.5370709896088,775.7954711914062,43365.84055785865,230.6693646694609,6172.4228515625,1262426.3806753985,566.8730941515034,18878.404296875,29983993.18890537,916.4092175465438,29706.25390625,True
usp000g650|ring|150-400km,usp000g650,ring,150-400km,408,1.0396145681894255,0.974976729179307,1.1168377492497987,7.9,2322.444851875305,193.5370709896088,775.7954711914062,43365.84055785865,230.6693646694609,6172.4228515625,1262426.3806753985,566.8730941515034,18878.404296875,72458705.04484864,394.09931004111104,87696.4765625,True
usp000gdw4|depth|4.8-10km,usp000gdw4,depth,4.8-10km,109,0.8940540550530778,0.6753723053503153,1.0526616955347503,6.0,14720.5840986434,98.13722732428934,1245.64111328125,89825.74625640226,141.45786812031852,6552.20947265625,788652.2158613829,250.52484620755493,17068.728515625,135971984.94119447,451.0807764871962,44019.640625,True
usp000gdw4|depth|>=10km,usp000gdw4,depth,>=10km,32,0.3564819862911696,0.2,0.7031153226849732,6.0,14720.5840986434,98.13722732428934,1245.64111328125,89825.74625640226,141.45786812031852,6552.20947265625,788652.2158613829,250.52484620755493,17068.728515625,135971984.94119447,451.0807764871962,44019.640625,True
usp000gdw4|region|West_of_ms,usp000gdw4,region,West_of_ms,126,0.7103750882689944,0.5352797246864699,0.8530267239213917,6.0,14720.5840986434,98.13722732428934,1245.64111328125,89825.74625640226,141.45786812031852,6552.20947265625,788652.2158613829,250.52484620755493,17068.728515625,55447686.14260315,521.1885488133245,33919.4140625,True
usp000gdw4|region|South_of_ms,usp000gdw4,region,South_of_ms,128,0.7582220025982522,0.5447654483986163,0.9148774830697916,6.0,14720.5840986434,98.13722732428934,1245.64111328125,89825.74625640226,141.45786812031852,6552.20947265625,788652.2158613829,250.52484620755493,17068.728515625,93490436.86433628,480.2114012529729,44019.640625,True
usp000gdw4|ring|0-50km,usp000gdw4,ring,0-50km,25,0.9728667983216228,0.7572766400224211,1.4534696626097128,6.0,14720.5840986434,98.13722732428934,1245.64111328125,89825.74625640226,141.45786812031852,6552.20947265625,788652.2158613829,250.52484620755493,17068.728515625,788652.2158613828,250.52484620755487,17068.728515625,True
usp000gdw4|ring|50-150km,usp000gdw4,ring,50-150km,31,0.311857149530159,0.2,0.6545871505304905,6.0,14720.5840986434,98.13722732428934,1245.64111328125,89825.74625640226,141.45786812031852,6552.20947265625,788652.2158613829,250.52484620755493,17068.728515625,7487104.599252517,227.9248865795768,33919.4140625,True
usp000gdw4|ring|150-400km,usp000gdw4,ring,150-400km,85,0.7445072289163865,0.5568897525050043,0.9260282782985748,6.0,14720.5840986434,98.13722732428934,1245.64111328125,89825.74625640226,141.45786812031852,6552.20947265625,788652.2158613829,250.52484620755493,17068.728515625,127696228.12608056,481.0756072999091,44019.640625,True
